Index,Function,Standard,Swift,Recon_L,Recon_M
0,getAutocorrelationFeatureValue,[9.98154533],[19.09185946],[1.11292565],[1.08287151]
0,getClusterProminenceFeatureValue,[9.01224058],[19.7245585],[1.1145751],[0.93854381]
0,getClusterShadeFeatureValue,[0.12004321],[0.56593015],[0.37944434],[0.30678974]
0,getClusterTendencyFeatureValue,[1.29505109],[2.02610535],[0.15842958],[0.12062479]
0,getContrastFeatureValue,[0.21718952],[0.34935549],[0.02302654],[0.01250293]
0,getCorrelationFeatureValue,[0.71267201],[0.70577348],[0.74535833],[0.81116195]
0,getDifferenceAverageFeatureValue,[0.2091002],[0.32991505],[0.02272997],[0.0122456]
0,getDifferenceEntropyFeatureValue,[0.75456854],[0.95843167],[0.15679049],[0.09539297]
0,getDifferenceVarianceFeatureValue,[0.17255771],[0.23851501],[0.0225049],[0.01235111]
0,getIdFeatureValue,[0.89668879],[0.83812295],[0.98868403],[0.99391967]
0,getIdmFeatureValue,[0.89624254],[0.83697853],[0.98866467],[0.99390293]
0,getIdmnFeatureValue,[0.9982243],[0.99714563],[0.99865084],[0.99926918]
0,getIdnFeatureValue,[0.98262543],[0.97262986],[0.99546384],[0.99755941]
0,getImc1FeatureValue,[-0.36871057],[-0.30168028],[-0.50295308],[-0.61396178]
0,getImc2FeatureValue,[0.7857657],[0.78895615],[0.45976342],[0.44469001]
0,getInverseVarianceFeatureValue,[0.20294138],[0.31435592],[0.02247441],[0.01202439]
0,getJointAverageFeatureValue,[3.11642086],[4.32118847],[1.03878495],[1.02754094]
0,getJointEnergyFeatureValue,[0.36639043],[0.21328696],[0.91397384],[0.94293786]
0,getJointEntropyFeatureValue,[2.15843496],[2.80124068],[0.35394316],[0.24881417]
0,getMCCFeatureValue,[0.74423168],[0.73229358],[0.74665674],[0.81721502]
0,getMaximumProbabilityFeatureValue,[0.57530641],[0.36331152],[0.9557097],[0.97089807]
0,getSumAverageFeatureValue,[6.23284171],[8.64237694],[2.07756989],[2.05508189]
0,getSumEntropyFeatureValue,[1.92434091],[2.4180214],[0.33025548],[0.23573086]
0,getSumSquaresFeatureValue,[0.37806015],[0.59386521],[0.04536403],[0.03328193]
1,getAutocorrelationFeatureValue,[14.38437627],[11.79958095],[10.67341563],[1.03355852]
1,getClusterProminenceFeatureValue,[28.3204036],[15.15860626],[18.00589526],[0.18680616]
1,getClusterShadeFeatureValue,[0.16258043],[1.0497699],[1.19378738],[0.08456967]
1,getClusterTendencyFeatureValue,[2.04001718],[1.41526183],[1.48022028],[0.04322782]
1,getContrastFeatureValue,[0.28696268],[0.27568026],[0.234883],[0.00798325]
1,getCorrelationFeatureValue,[0.75326985],[0.67386838],[0.7260348],[0.68633242]
1,getDifferenceAverageFeatureValue,[0.26671653],[0.26783794],[0.22612658],[0.00795976]
1,getDifferenceEntropyFeatureValue,[0.87281438],[0.85489166],[0.78812875],[0.06689647]
1,getDifferenceVarianceFeatureValue,[0.21428361],[0.20253677],[0.18277146],[0.00791907]
1,getIdFeatureValue,[0.86968],[0.86730697],[0.88828658],[0.99602404]
1,getIdmFeatureValue,[0.86862633],[0.86686231],[0.88780752],[0.99602247]
1,getIdmnFeatureValue,[0.99765971],[0.99774417],[0.99807922],[0.99920276]
1,getIdnFeatureValue,[0.97789922],[0.97772952],[0.981211],[0.99801124]
1,getImc1FeatureValue,[-0.36000523],[-0.30232585],[-0.36553043],[-0.49735961]
1,getImc2FeatureValue,[0.81920427],[0.7492132],[0.79625771],[0.3010668]
1,getInverseVarianceFeatureValue,[0.25189697],[0.26172123],[0.21946522],[0.0079392]
1,getJointAverageFeatureValue,[3.73444916],[3.39332938],[3.2190185],[1.01229796]
1,getJointEnergyFeatureValue,[0.28907187],[0.27089768],[0.31834557],[0.96882606]
1,getJointEntropyFeatureValue,[2.58000192],[2.36008497],[2.27957024],[0.14370498]
1,getMCCFeatureValue,[0.8083162],[0.84615968],[0.86225332],[0.6874585]
1,getMaximumProbabilityFeatureValue,[0.49559852],[0.40890474],[0.51344831],[0.98424458]
1,getSumAverageFeatureValue,[7.46889832],[6.78665876],[6.43803699],[2.02459592]
1,getSumEntropyFeatureValue,[2.26331647],[2.06832551],[2.0276882],[0.13564756]
1,getSumSquaresFeatureValue,[0.58174496],[0.42273552],[0.42877582],[0.01280277]
2,getAutocorrelationFeatureValue,[1.01595347],[25.88352955],[25.77037388],[25.79237005]
2,getClusterProminenceFeatureValue,[0.07149476],[91.14484582],[95.45443055],[115.77467028]
2,getClusterShadeFeatureValue,[0.03575149],[-13.32139267],[-13.84986301],[-16.44227574]
2,getClusterTendencyFeatureValue,[0.01981588],[5.09613592],[5.20659125],[5.93205378]
2,getContrastFeatureValue,[0.00532506],[1.30701588],[1.3509843],[1.33457938]
2,getCorrelationFeatureValue,[0.57402192],[0.58911816],[0.58651994],[0.6342655]
2,getDifferenceAverageFeatureValue,[0.00532169],[0.72921183],[0.7022572],[0.68505319]
2,getDifferenceEntropyFeatureValue,[0.04781101],[1.55893311],[1.56665682],[1.56980278]
2,getDifferenceVarianceFeatureValue,[0.00529634],[0.74732855],[0.83560932],[0.84422716]
2,getIdFeatureValue,[0.99733972],[0.7100752],[0.72948813],[0.73930306]
2,getIdmFeatureValue,[0.99733949],[0.69034257],[0.70956929],[0.71853541]
2,getIdmnFeatureValue,[0.99946765],[0.97636399],[0.97602972],[0.97628883]
2,getIdnFeatureValue,[0.99866975],[0.91607734],[0.92019574],[0.92240086]
2,getImc1FeatureValue,[-0.40059649],[-0.20530795],[-0.21914775],[-0.24458085]
2,getImc2FeatureValue,[0.20520468],[0.71663371],[0.73522963],[0.763407]
2,getInverseVarianceFeatureValue,[0.00531874],[0.40795846],[0.36519881],[0.33909257]
2,getJointAverageFeatureValue,[1.00614647],[4.99347188],[4.98046203],[4.96409487]
2,getJointEnergyFeatureValue,[0.98281784],[0.13809757],[0.15197536],[0.17041203]
2,getJointEntropyFeatureValue,[0.08626766],[3.65864439],[3.58283161],[3.56156202]
2,getMCCFeatureValue,[0.57435461],[0.63841862],[0.63875925],[0.67900794]
2,getMaximumProbabilityFeatureValue,[0.9913592],[0.2953321],[0.32034024],[0.36585683]
2,getSumAverageFeatureValue,[2.01229294],[9.98694375],[9.96092405],[9.92818974]
2,getSumEntropyFeatureValue,[0.08093084],[2.77867271],[2.75478063],[2.74568704]
2,getSumSquaresFeatureValue,[0.00628524],[1.60078795],[1.63939389],[1.81665829]
3,getAutocorrelationFeatureValue,[8.25717348],[1.09770223],[9.47562446],[9.2686304]
3,getClusterProminenceFeatureValue,[94.61393385],[0.36540692],[109.46433895],[106.52995222]
3,getClusterShadeFeatureValue,[7.49662906],[0.190172],[8.72893519],[8.45996291]
3,getClusterTendencyFeatureValue,[1.90148954],[0.1152551],[2.03236912],[1.94422057]
3,getContrastFeatureValue,[0.19076361],[0.03313356],[0.19646236],[0.15744567]
3,getCorrelationFeatureValue,[0.81762424],[0.55273829],[0.82367961],[0.85014144]
3,getDifferenceAverageFeatureValue,[0.17668778],[0.03312681],[0.18327113],[0.14523606]
3,getDifferenceEntropyFeatureValue,[0.6897155],[0.20969567],[0.70381843],[0.61067899]
3,getDifferenceVarianceFeatureValue,[0.15879663],[0.03202865],[0.1622006],[0.13587854]
3,getIdFeatureValue,[0.91359243],[0.98343772],[0.9101504],[0.92903699]
3,getIdmFeatureValue,[0.9130046],[0.98343727],[0.90962181],[0.92854834]
3,getIdmnFeatureValue,[0.99844682],[0.99668696],[0.99839983],[0.99871878]
3,getIdnFeatureValue,[0.98536105],[0.99171863],[0.98480671],[0.98797046]
3,getImc1FeatureValue,[-0.4253113],[-0.32282502],[-0.42910201],[-0.48969267]
3,getImc2FeatureValue,[0.81246629],[0.37334807],[0.8253466],[0.84352577]
3,getInverseVarianceFeatureValue,[0.16782841],[0.03312091],[0.17519481],[0.13775978]
3,getJointAverageFeatureValue,[2.79812273],[1.03786872],[3.00277312],[2.97017428]
3,getJointEnergyFeatureValue,[0.40089153],[0.89610803],[0.40348159],[0.45322365]
3,getJointEntropyFeatureValue,[2.02315605],[0.39169238],[2.11460006],[1.93320387]
3,getMCCFeatureValue,[0.9295156],[0.5549045],[0.93233443],[0.93494913]
3,getMaximumProbabilityFeatureValue,[0.59528294],[0.94611804],[0.61363813],[0.65455012]
3,getSumAverageFeatureValue,[5.59624547],[2.07573744],[6.00554624],[5.94034857]
3,getSumEntropyFeatureValue,[1.82272378],[0.35852889],[1.90886083],[1.76744373]
3,getSumSquaresFeatureValue,[0.52306329],[0.03709717],[0.55720787],[0.52541656]
4,getAutocorrelationFeatureValue,[1.00670614],[26.97658955],[7.50801428],[7.4731933]
4,getClusterProminenceFeatureValue,[0.02292051],[241.90335773],[52.93190502],[52.98805798]
4,getClusterShadeFeatureValue,[0.01292141],[13.04573219],[3.80016786],[3.66636035]
4,getClusterTendencyFeatureValue,[0.00794563],[9.47050015],[1.50960933],[1.54644561]
4,getContrastFeatureValue,[0.00289881],[0.63939121],[0.16893066],[0.13806724]
4,getCorrelationFeatureValue,[0.46221641],[0.87381135],[0.7986987],[0.83604716]
4,getDifferenceAverageFeatureValue,[0.00289881],[0.48306623],[0.16477496],[0.13401345]
4,getDifferenceEntropyFeatureValue,[0.02859793],[1.22129703],[0.65234281],[0.57420689]
4,getDifferenceVarianceFeatureValue,[0.00289034],[0.39282522],[0.14126457],[0.11973085]
4,getIdFeatureValue,[0.9985506],[0.78134281],[0.91823404],[0.93360122]
4,getIdmFeatureValue,[0.9985506],[0.77395202],[0.91802173],[0.93339304]
4,getIdmnFeatureValue,[0.99942024],[0.99240086],[0.9986177],[0.99887059]
4,getIdnFeatureValue,[0.99903373],[0.95305439],[0.98629454],[0.9888574]
4,getImc1FeatureValue,[-0.31761214],[-0.41711591],[-0.43794737],[-0.50864205]
4,getImc2FeatureValue,[0.13011327],[0.93624644],[0.8149651],[0.84833641]
4,getInverseVarianceFeatureValue,[0.00289881],[0.37526195],[0.16176557],[0.1310662]
4,getJointAverageFeatureValue,[1.00271852],[4.97677903],[2.67821655],[2.66853853]
4,getJointEnergyFeatureValue,[0.99168744],[0.08629257],[0.37018528],[0.39095865]
4,getJointEntropyFeatureValue,[0.04549702],[4.17097862],[1.96352504],[1.877434]
4,getMCCFeatureValue,[0.46221641],[0.88944652],[0.94674892],[0.94764932]
4,getMaximumProbabilityFeatureValue,[0.99583208],[0.18717627],[0.53368333],[0.54790186]
4,getSumAverageFeatureValue,[2.00543703],[9.95355806],[5.35643311],[5.33707706]
4,getSumEntropyFeatureValue,[0.04259821],[3.51102864],[1.78811902],[1.73312101]
4,getSumSquaresFeatureValue,[0.00271111],[2.52747284],[0.419635],[0.42112821]
5,getAutocorrelationFeatureValue,[1.00985654],[8.9477204],[8.61575743],[17.0352614]
5,getClusterProminenceFeatureValue,[0.04502961],[23.18416905],[25.70242066],[176.75111219]
5,getClusterShadeFeatureValue,[0.02199849],[1.92623196],[1.91789535],[-2.85277338]
5,getClusterTendencyFeatureValue,[0.01218937],[1.40270471],[1.49987134],[8.43933242]
5,getContrastFeatureValue,[0.00366827],[0.20696864],[0.1869697],[1.10293856]
5,getCorrelationFeatureValue,[0.53473232],[0.7427892],[0.77826706],[0.76880556]
5,getDifferenceAverageFeatureValue,[0.00365794],[0.20177862],[0.18062596],[0.73330164]
5,getDifferenceEntropyFeatureValue,[0.03485977],[0.73554577],[0.6928479],[1.50303454]
5,getDifferenceVarianceFeatureValue,[0.00365477],[0.1654748],[0.1537172],[0.54760517]
5,getIdFeatureValue,[0.99817275],[0.89992237],[0.91066476],[0.68889637]
5,getIdmFeatureValue,[0.99817206],[0.89962781],[0.91031766],[0.66995273]
5,getIdmnFeatureValue,[0.99963365],[0.99830608],[0.99847072],[0.98372264]
5,getIdnFeatureValue,[0.99908603],[0.98321778],[0.98498759],[0.92247502]
5,getImc1FeatureValue,[-0.36871757],[-0.37738491],[-0.42634525],[-0.27794047]
5,getImc2FeatureValue,[0.16239851],[0.7892966],[0.82246579],[0.86172226]
5,getInverseVarianceFeatureValue,[0.0036489],[0.1977277],[0.17580016],[0.46455955]
5,getJointAverageFeatureValue,[1.00385569],[2.94088168],[2.87880716],[3.89862741]
5,getJointEnergyFeatureValue,[0.98887808],[0.37728511],[0.38139379],[0.06658897]
5,getJointEntropyFeatureValue,[0.05933564],[2.12448634],[2.10412478],[4.41481299]
5,getMCCFeatureValue,[0.54423714],[0.86507121],[0.86865976],[0.78492218]
5,getMaximumProbabilityFeatureValue,[0.99441837],[0.58675452],[0.58494109],[0.16161116]
5,getSumAverageFeatureValue,[2.00771137],[5.88176337],[5.75761433],[7.79725482]
5,getSumEntropyFeatureValue,[0.05564337],[1.90835577],[1.90644236],[3.44391145]
5,getSumSquaresFeatureValue,[0.00396441],[0.40241834],[0.42171026],[2.38556775]
6,getAutocorrelationFeatureValue,[29.38357919],[31.63784194],[1.01094526],[38.68807878]
6,getClusterProminenceFeatureValue,[155.0586938],[91.15275448],[0.03686717],[586.07447096]
6,getClusterShadeFeatureValue,[-14.89963089],[-3.99703947],[0.02085798],[-43.11671544]
6,getClusterTendencyFeatureValue,[6.14680461],[5.86091285],[0.01291795],[13.47986131]
6,getContrastFeatureValue,[0.89788756],[0.88894973],[0.00478946],[0.90491492]
6,getCorrelationFeatureValue,[0.74302647],[0.73500616],[0.45527547],[0.87344845]
6,getDifferenceAverageFeatureValue,[0.64892342],[0.64776438],[0.00478946],[0.65098802]
6,getDifferenceEntropyFeatureValue,[1.38868981],[1.37833604],[0.04375006],[1.38023582]
6,getDifferenceVarianceFeatureValue,[0.46066606],[0.45330515],[0.0047662],[0.45906813]
6,getIdFeatureValue,[0.71411416],[0.71355957],[0.99760527],[0.71374073]
6,getIdmFeatureValue,[0.70028703],[0.70023635],[0.99760527],[0.69976649]
6,getIdmnFeatureValue,[0.98661406],[0.98672873],[0.99904211],[0.98924454]
6,getIdnFeatureValue,[0.93058996],[0.93063921],[0.99840351],[0.93715141]
6,getImc1FeatureValue,[-0.26795883],[-0.27397018],[-0.30209627],[-0.37244251]
6,getImc2FeatureValue,[0.8306897],[0.84051611],[0.15568523],[0.9275006]
6,getInverseVarianceFeatureValue,[0.45760137],[0.46275423],[0.00478946],[0.45702156]
6,getJointAverageFeatureValue,[5.29810611],[5.51302404],[1.00444666],[5.96178295]
6,getJointEnergyFeatureValue,[0.08619958],[0.07607651],[0.9863801],[0.06035807]
6,getJointEntropyFeatureValue,[4.03051885],[4.12840714],[0.06972579],[4.53263095]
6,getMCCFeatureValue,[0.77743564],[0.75773863],[0.45527547],[0.88820218]
6,getMaximumProbabilityFeatureValue,[0.18517519],[0.13101671],[0.99315861],[0.12022]
6,getSumAverageFeatureValue,[10.59621221],[11.02604808],[2.00889333],[11.92356589]
6,getSumEntropyFeatureValue,[3.16808588],[3.26255375],[0.06493633],[3.69459738]
6,getSumSquaresFeatureValue,[1.76117304],[1.68746564],[0.00442685],[3.59619406]
7,getAutocorrelationFeatureValue,[66.87044914],[30.0272119],[35.90617024],[5.42610057]
7,getClusterProminenceFeatureValue,[442.00671558],[151.48641562],[221.33115268],[114.33660601]
7,getClusterShadeFeatureValue,[-44.18479061],[0.65129572],[-0.74058413],[9.78349791]
7,getClusterTendencyFeatureValue,[8.06962881],[8.51165774],[9.65976849],[2.00227059]
7,getContrastFeatureValue,[1.31396382],[1.04330451],[0.92757559],[0.1457866]
7,getCorrelationFeatureValue,[0.71465874],[0.78049066],[0.8239875],[0.86426309]
7,getDifferenceAverageFeatureValue,[0.64873328],[0.64686052],[0.6060476],[0.13302397]
7,getDifferenceEntropyFeatureValue,[1.52354288],[1.44438548],[1.39803407],[0.5771195]
7,getDifferenceVarianceFeatureValue,[0.85432711],[0.60162156],[0.54495292],[0.1277099]
7,getIdFeatureValue,[0.75720223],[0.72811922],[0.73936607],[0.93515018]
7,getIdmFeatureValue,[0.73830591],[0.71460362],[0.72770377],[0.93468733]
7,getIdmnFeatureValue,[0.98784271],[0.9879463],[0.99117954],[0.99881591]
7,getIdnFeatureValue,[0.94560256],[0.93862753],[0.94716471],[0.98899044]
7,getImc1FeatureValue,[-0.30673861],[-0.31290397],[-0.344378],[-0.52378635]
7,getImc2FeatureValue,[0.82721745],[0.88389654],[0.91040938],[0.85817125]
7,getInverseVarianceFeatureValue,[0.31642117],[0.4258483],[0.42049078],[0.12571207]
7,getJointAverageFeatureValue,[8.07337003],[5.30646511],[5.80705503],[2.22755]
7,getJointEnergyFeatureValue,[0.21849206],[0.06567724],[0.06444791],[0.43279606]
7,getJointEntropyFeatureValue,[3.45211897],[4.40855668],[4.47244179],[1.89143256]
7,getMCCFeatureValue,[0.75735058],[0.80891916],[0.83718965],[0.93041629]
7,getMaximumProbabilityFeatureValue,[0.43945111],[0.14230775],[0.14415625],[0.62641957]
7,getSumAverageFeatureValue,[16.14674006],[10.61293023],[11.61411007],[4.45509999]
7,getSumEntropyFeatureValue,[2.75090278],[3.46882766],[3.59039981],[1.74099364]
7,getSumSquaresFeatureValue,[2.34589816],[2.38874056],[2.64683602],[0.5370143]
8,getAutocorrelationFeatureValue,[55.91093336],[50.90224547],[63.6384014],[28.56307251]
8,getClusterProminenceFeatureValue,[228.25309864],[98.90505169],[673.53688574],[49.60951962]
8,getClusterShadeFeatureValue,[-28.10403828],[-13.38764748],[-62.97734088],[-7.90735077]
8,getClusterTendencyFeatureValue,[5.52056758],[5.12851202],[10.6125802],[3.33925271]
8,getContrastFeatureValue,[0.91387623],[0.7674267],[0.7404765],[0.54957488]
8,getCorrelationFeatureValue,[0.70193796],[0.73288722],[0.86726069],[0.71188875]
8,getDifferenceAverageFeatureValue,[0.48090008],[0.48898793],[0.4757319],[0.38949811]
8,getDifferenceEntropyFeatureValue,[1.30379384],[1.29209925],[1.26719165],[1.13173528]
8,getDifferenceVarianceFeatureValue,[0.65902778],[0.50764044],[0.49016727],[0.38469799]
8,getIdFeatureValue,[0.81601193],[0.795446],[0.79945532],[0.82875335]
8,getIdmFeatureValue,[0.80138644],[0.78295379],[0.78823372],[0.82119788]
8,getIdmnFeatureValue,[0.98957134],[0.99101573],[0.99291422],[0.98951842]
8,getIdnFeatureValue,[0.95553696],[0.9535081],[0.95865737],[0.95342856]
8,getImc1FeatureValue,[-0.31701586],[-0.32612756],[-0.39941414],[-0.3242155]
8,getImc2FeatureValue,[0.78094822],[0.83185414],[0.89475022],[0.79689517]
8,getInverseVarianceFeatureValue,[0.24007162],[0.30365783],[0.30569297],[0.2790092]
8,getJointAverageFeatureValue,[7.39972194],[7.05761425],[7.82105327],[5.27871417]
8,getJointEnergyFeatureValue,[0.35668457],[0.1930551],[0.19111315],[0.24779439]
8,getJointEntropyFeatureValue,[2.75790636],[3.36224077],[3.50625015],[2.89944333]
8,getMCCFeatureValue,[0.74448076],[0.7745358],[0.89290591],[0.74253328]
8,getMaximumProbabilityFeatureValue,[0.58535894],[0.39560767],[0.39450528],[0.45575409]
8,getSumAverageFeatureValue,[14.79944388],[14.1152285],[15.64210654],[10.55742834]
8,getSumEntropyFeatureValue,[2.25634417],[2.70125673],[2.89934165],[2.37339768]
8,getSumSquaresFeatureValue,[1.60861095],[1.47398468],[2.83826417],[0.9722069]
9,getAutocorrelationFeatureValue,[50.72616524],[41.11009562],[58.90138004],[44.87373824]
9,getClusterProminenceFeatureValue,[274.85477926],[130.94276991],[159.08778991],[151.27555176]
9,getClusterShadeFeatureValue,[-24.81020771],[-1.16892194],[-5.96877394],[-5.77788195]
9,getClusterTendencyFeatureValue,[8.7948291],[6.7254442],[6.7246646],[6.73830528]
9,getContrastFeatureValue,[1.69793387],[0.75646374],[0.78592082],[0.78758928]
9,getCorrelationFeatureValue,[0.67698815],[0.79708297],[0.78921108],[0.78945152]
9,getDifferenceAverageFeatureValue,[0.8091161],[0.54553043],[0.52851695],[0.52586104]
9,getDifferenceEntropyFeatureValue,[1.71170854],[1.33241607],[1.34067525],[1.34111574]
9,getDifferenceVarianceFeatureValue,[1.01225393],[0.45396248],[0.50222973],[0.50718383]
9,getIdFeatureValue,[0.69879217],[0.75810168],[0.77067831],[0.77240626]
9,getIdmFeatureValue,[0.6754335],[0.74799711],[0.76047191],[0.76226313]
9,getIdmnFeatureValue,[0.98456642],[0.9926936],[0.99375042],[0.99248313]
9,getIdnFeatureValue,[0.93241135],[0.95193983],[0.95750799],[0.95404792]
9,getImc1FeatureValue,[-0.23056437],[-0.32640891],[-0.3304548],[-0.33306787]
9,getImc2FeatureValue,[0.81536113],[0.89162891],[0.89320341],[0.89521219]
9,getInverseVarianceFeatureValue,[0.39269046],[0.39915093],[0.37144523],[0.36824468]
9,getJointAverageFeatureValue,[6.99652995],[6.29425089],[7.57736729],[6.5867969]
9,getJointEnergyFeatureValue,[0.07792866],[0.08383248],[0.08967855],[0.08988456]
9,getJointEntropyFeatureValue,[4.52559949],[4.16179962],[4.12719858],[4.12595598]
9,getMCCFeatureValue,[0.7191623],[0.81805618],[0.80580166],[0.8089622]
9,getMaximumProbabilityFeatureValue,[0.19069443],[0.18354183],[0.17929054],[0.17386155]
9,getSumAverageFeatureValue,[13.9930599],[12.58850178],[15.15473458],[13.17359381]
9,getSumEntropyFeatureValue,[3.3883174],[3.36723872],[3.33587701],[3.3390739]
9,getSumSquaresFeatureValue,[2.62319074],[1.87047698],[1.87764636],[1.88147364]
